{
  "benchmark": "operational_latency_bench",
  "generated_at_unix": 1773235991,
  "config": {
    "nodes": 4000,
    "workers": 6,
    "ops_per_worker": 100,
    "write_every": 10,
    "read_to_write_ratio": "9:1",
    "wal_flush_policy": "always",
    "seed_wal_flush_policy": "batch:1024",
    "write_latency_scope": "durable"
  },
  "totals": {
    "elapsed_sec": 0.791351792,
    "total_ops": 600,
    "read_ops": 540,
    "write_ops": 60,
    "throughput_ops_per_sec": 758.1962991245744
  },
  "read_latency_ns": {
    "p50_ns": 5748750,
    "p95_ns": 16409917,
    "p99_ns": 24585792,
    "p50_ms": 5.74875,
    "p95_ms": 16.409917,
    "p99_ms": 24.585792
  },
  "write_latency_ns": {
    "p50_ns": 10055000,
    "p95_ns": 72831125,
    "p99_ns": 86021541,
    "p50_ms": 10.055,
    "p95_ms": 72.831125,
    "p99_ms": 86.021541
  },
  "durability_barrier": {
    "final_flush_ns": 20875,
    "final_flush_ms": 0.020875
  }
}