{
  "profile": "baseline",
  "generated_at_unix": 1783986183,
  "design_target": {
    "nodes": 100000000,
    "edges": 300000000
  },
  "operational": {
    "throughput_ops_per_sec": 1114.2225942124508,
    "read_p95_ms": 10.18175,
    "write_p95_ms": 40.690542
  },
  "graph_rag": {
    "throughput_ops_per_sec": 680.0060237200269,
    "read_p95_ms": 23.248541,
    "write_p95_ms": 33.584042,
    "avg_groundedness": 0.6032085054450564,
    "evidence_attachment_rate": 1.0,
    "answer_with_evidence_rate": 1.0
  },
  "ann": {
    "search_sec": {
      "usearch": 0.0037789344787597656,
      "faiss_flat": 0.015686988830566406
    }
  }
}