{
  "benchmark": "operational_latency_bench",
  "generated_at_unix": 1783986203,
  "config": {
    "nodes": 100000,
    "workers": 8,
    "ops_per_worker": 40,
    "write_every": 10,
    "read_to_write_ratio": "9:1",
    "wal_flush_policy": "always",
    "seed_wal_flush_policy": "batch:2048",
    "write_latency_scope": "durable"
  },
  "totals": {
    "elapsed_sec": 3.481472458,
    "total_ops": 320,
    "read_ops": 288,
    "write_ops": 32,
    "throughput_ops_per_sec": 91.91513184735354
  },
  "read_latency_ns": {
    "p50_ns": 69539667,
    "p95_ns": 176664375,
    "p99_ns": 218365333,
    "p50_ms": 69.539667,
    "p95_ms": 176.664375,
    "p99_ms": 218.365333
  },
  "write_latency_ns": {
    "p50_ns": 186465791,
    "p95_ns": 469562917,
    "p99_ns": 591679417,
    "p50_ms": 186.465791,
    "p95_ms": 469.562917,
    "p99_ms": 591.679417
  },
  "durability_barrier": {
    "final_flush_ns": 5121917,
    "final_flush_ms": 5.121917
  }
}